﻿Name,Publications,HyperCLass,Year,pdf,Area,Data,Keywords,Comments & Summary,Use
Transfer CLIP for Generalizable Image Denoising,CVPR,denosing,2024 (Jun),,,,,,
Sam-Guided Enhanced Fine-Grained Encoding with Mixed Semantic Learning for Medical Image Captioning,ICASSP,,2024 (3),%E5%8D%8E%E5%A4%8F%E4%B8%AD%E8%B7%AF%E5%B7%A5%E4%BD%9C%E5%AE%A4%20(clip%20survey)%204f00cf997b7641aebce31e6e6ce0e0ab/Sam-Guided_Enhanced_Fine-Grained_Encoding_with_Mixed_Semantic_Learning_for_Medical_Image_Captioning.pdf,,,captioning,,
"ENVISIONING MEDCLIP: A DEEP DIVE INTO EXPLAINABILITY FOR MEDICAL
VISION-LANGUAGE MODELS",arXiv,XAI,2024 (3.),,,,,,
Perceptual Image Quality Prediction: Are Contrastive Language–Image Pretraining (CLIP) Visual Features Effective?,Electronics,,2024 (2),,,,,,
